[
{
  "model": "review.reviewartistrelationship",
  "pk": 1,
  "fields": {
    "ArtistRelationship": 9,
    "artist_name": 1
  }
},
{
  "model": "review.reviewalbumrelationship",
  "pk": 1,
  "fields": {
    "AlbumRelationship": 9,
    "album_name": 1
  }
},
{
  "model": "album.albumartistrelationship",
  "pk": 1,
  "fields": {
    "sort_order": 0,
    "ArtistRelationship": 1,
    "artist_name": 1
  }
},
{
  "model": "album.album",
  "pk": 1,
  "fields": {
    "album_name": "Album name",
    "image": null,
    "release_date": "2016-06-01"
  }
},
{
  "model": "artist.subgenreclassrelationship",
  "pk": 1,
  "fields": {
    "sort_order": 0,
    "page": 1,
    "subgenre": 1
  }
},
{
  "model": "artist.artist",
  "pk": 1,
  "fields": {
    "artist_name": "Fugazi",
    "image": null,
    "biography": "",
    "external_url": ""
  }
},
{
  "model": "genre.subgenreclass",
  "pk": 1,
  "fields": {
    "subgenre": "DIY punk",
    "description": ""
  }
},
{
  "model": "genre.subgenreclass",
  "pk": 2,
  "fields": {
    "subgenre": "Dischord",
    "description": ""
  }
},
{
  "model": "genre.subgenreclass",
  "pk": 3,
  "fields": {
    "subgenre": "Pop punk",
    "description": ""
  }
},
{
  "model": "genre.subgenrerelationship",
  "pk": 1,
  "fields": {
    "sort_order": 0,
    "subgenre_in_editor": 1
  }
},
{
  "model": "genre.subgenrerelationship",
  "pk": 2,
  "fields": {
    "sort_order": 1,
    "subgenre_in_editor": 1
  }
},
{
  "model": "genre.subgenrerelationship",
  "pk": 3,
  "fields": {
    "sort_order": 2,
    "subgenre_in_editor": 1
  }
},
{
  "model": "genre.genreclass",
  "pk": 1,
  "fields": {
    "genre": "Punk",
    "description": ""
  }
},
{
  "model": "author.author",
  "pk": 1,
  "fields": {
    "author_name": "Eddd",
    "image": null,
    "biography": "",
    "external_url": ""
  }
},
{
  "model": "feature_content_page.artistfeaturepagerelationship",
  "pk": 1,
  "fields": {
    "sort_order": 0,
    "page": 5,
    "artist": 1
  }
},
{
  "model": "feature_content_page.artistfeaturepagerelationship",
  "pk": 2,
  "fields": {
    "sort_order": 0,
    "page": 7,
    "artist": 1
  }
},
{
  "model": "feature_content_page.authorfeaturepagerelationship",
  "pk": 1,
  "fields": {
    "sort_order": 0,
    "page": 5,
    "author": 1
  }
},
{
  "model": "feature_content_page.authorfeaturepagerelationship",
  "pk": 2,
  "fields": {
    "sort_order": 0,
    "page": 7,
    "author": 1
  }
},
{
  "model": "wagtailimages.filter",
  "pk": 1,
  "fields": {
    "spec": "max-165x165"
  }
},
{
  "model": "wagtailimages.rendition",
  "pk": 1,
  "fields": {
    "filter": 1,
    "file": "images/20160416_144447.max-165x165.jpg",
    "width": 165,
    "height": 123,
    "focal_point_key": "",
    "image": 1
  }
},
{
  "model": "wagtailcore.site",
  "pk": 1,
  "fields": {
    "hostname": "localhost",
    "port": 80,
    "site_name": "",
    "root_page": 3,
    "is_default_site": true
  }
},
{
  "model": "wagtailcore.collection",
  "pk": 1,
  "fields": {
    "path": "0001",
    "depth": 1,
    "numchild": 0,
    "name": "Root"
  }
},
{
  "model": "contenttypes.contenttype",
  "pk": 1,
  "fields": {
    "app_label": "wagtailcore",
    "model": "page"
  }
},
{
  "model": "contenttypes.contenttype",
  "pk": 2,
  "fields": {
    "app_label": "wagtailimages",
    "model": "image"
  }
},
{
  "model": "contenttypes.contenttype",
  "pk": 3,
  "fields": {
    "app_label": "wagtailadmin",
    "model": "admin"
  }
},
{
  "model": "contenttypes.contenttype",
  "pk": 4,
  "fields": {
    "app_label": "wagtaildocs",
    "model": "document"
  }
},
{
  "model": "contenttypes.contenttype",
  "pk": 5,
  "fields": {
    "app_label": "home",
    "model": "homepage"
  }
},
{
  "model": "contenttypes.contenttype",
  "pk": 6,
  "fields": {
    "app_label": "standardpage",
    "model": "standardpage"
  }
},
{
  "model": "contenttypes.contenttype",
  "pk": 7,
  "fields": {
    "app_label": "review",
    "model": "reviewartistrelationship"
  }
},
{
  "model": "contenttypes.contenttype",
  "pk": 8,
  "fields": {
    "app_label": "review",
    "model": "reviewalbumrelationship"
  }
},
{
  "model": "contenttypes.contenttype",
  "pk": 9,
  "fields": {
    "app_label": "review",
    "model": "reviewpage"
  }
},
{
  "model": "contenttypes.contenttype",
  "pk": 10,
  "fields": {
    "app_label": "album",
    "model": "albumsongsrelationship"
  }
},
{
  "model": "contenttypes.contenttype",
  "pk": 11,
  "fields": {
    "app_label": "album",
    "model": "albumartistrelationship"
  }
},
{
  "model": "contenttypes.contenttype",
  "pk": 12,
  "fields": {
    "app_label": "album",
    "model": "album"
  }
},
{
  "model": "contenttypes.contenttype",
  "pk": 13,
  "fields": {
    "app_label": "artist",
    "model": "subgenreclassrelationship"
  }
},
{
  "model": "contenttypes.contenttype",
  "pk": 14,
  "fields": {
    "app_label": "artist",
    "model": "artist"
  }
},
{
  "model": "contenttypes.contenttype",
  "pk": 15,
  "fields": {
    "app_label": "genre",
    "model": "subgenreclass"
  }
},
{
  "model": "contenttypes.contenttype",
  "pk": 16,
  "fields": {
    "app_label": "genre",
    "model": "subgenrerelationship"
  }
},
{
  "model": "contenttypes.contenttype",
  "pk": 17,
  "fields": {
    "app_label": "genre",
    "model": "genreclass"
  }
},
{
  "model": "contenttypes.contenttype",
  "pk": 18,
  "fields": {
    "app_label": "author",
    "model": "author"
  }
},
{
  "model": "contenttypes.contenttype",
  "pk": 19,
  "fields": {
    "app_label": "feature_content_page",
    "model": "artistfeaturepagerelationship"
  }
},
{
  "model": "contenttypes.contenttype",
  "pk": 20,
  "fields": {
    "app_label": "feature_content_page",
    "model": "authorfeaturepagerelationship"
  }
},
{
  "model": "contenttypes.contenttype",
  "pk": 21,
  "fields": {
    "app_label": "feature_content_page",
    "model": "featurecontentpage"
  }
},
{
  "model": "contenttypes.contenttype",
  "pk": 22,
  "fields": {
    "app_label": "feature_content_page",
    "model": "featureindexpage"
  }
},
{
  "model": "contenttypes.contenttype",
  "pk": 23,
  "fields": {
    "app_label": "wagtailsearchpromotions",
    "model": "searchpromotion"
  }
},
{
  "model": "contenttypes.contenttype",
  "pk": 24,
  "fields": {
    "app_label": "wagtailforms",
    "model": "formsubmission"
  }
},
{
  "model": "contenttypes.contenttype",
  "pk": 25,
  "fields": {
    "app_label": "wagtailredirects",
    "model": "redirect"
  }
},
{
  "model": "contenttypes.contenttype",
  "pk": 26,
  "fields": {
    "app_label": "wagtailembeds",
    "model": "embed"
  }
},
{
  "model": "contenttypes.contenttype",
  "pk": 27,
  "fields": {
    "app_label": "wagtailusers",
    "model": "userprofile"
  }
},
{
  "model": "contenttypes.contenttype",
  "pk": 28,
  "fields": {
    "app_label": "wagtailimages",
    "model": "filter"
  }
},
{
  "model": "contenttypes.contenttype",
  "pk": 29,
  "fields": {
    "app_label": "wagtailimages",
    "model": "rendition"
  }
},
{
  "model": "contenttypes.contenttype",
  "pk": 30,
  "fields": {
    "app_label": "wagtailsearch",
    "model": "query"
  }
},
{
  "model": "contenttypes.contenttype",
  "pk": 31,
  "fields": {
    "app_label": "wagtailsearch",
    "model": "querydailyhits"
  }
},
{
  "model": "contenttypes.contenttype",
  "pk": 32,
  "fields": {
    "app_label": "wagtailcore",
    "model": "site"
  }
},
{
  "model": "contenttypes.contenttype",
  "pk": 33,
  "fields": {
    "app_label": "wagtailcore",
    "model": "pagerevision"
  }
},
{
  "model": "contenttypes.contenttype",
  "pk": 34,
  "fields": {
    "app_label": "wagtailcore",
    "model": "grouppagepermission"
  }
},
{
  "model": "contenttypes.contenttype",
  "pk": 35,
  "fields": {
    "app_label": "wagtailcore",
    "model": "pageviewrestriction"
  }
},
{
  "model": "contenttypes.contenttype",
  "pk": 36,
  "fields": {
    "app_label": "wagtailcore",
    "model": "collection"
  }
},
{
  "model": "contenttypes.contenttype",
  "pk": 37,
  "fields": {
    "app_label": "wagtailcore",
    "model": "groupcollectionpermission"
  }
},
{
  "model": "contenttypes.contenttype",
  "pk": 38,
  "fields": {
    "app_label": "taggit",
    "model": "tag"
  }
},
{
  "model": "contenttypes.contenttype",
  "pk": 39,
  "fields": {
    "app_label": "taggit",
    "model": "taggeditem"
  }
},
{
  "model": "contenttypes.contenttype",
  "pk": 40,
  "fields": {
    "app_label": "admin",
    "model": "logentry"
  }
},
{
  "model": "contenttypes.contenttype",
  "pk": 41,
  "fields": {
    "app_label": "auth",
    "model": "permission"
  }
},
{
  "model": "contenttypes.contenttype",
  "pk": 42,
  "fields": {
    "app_label": "auth",
    "model": "group"
  }
},
{
  "model": "contenttypes.contenttype",
  "pk": 43,
  "fields": {
    "app_label": "auth",
    "model": "user"
  }
},
{
  "model": "contenttypes.contenttype",
  "pk": 44,
  "fields": {
    "app_label": "contenttypes",
    "model": "contenttype"
  }
},
{
  "model": "contenttypes.contenttype",
  "pk": 45,
  "fields": {
    "app_label": "sessions",
    "model": "session"
  }
},
{
  "model": "contenttypes.contenttype",
  "pk": 46,
  "fields": {
    "app_label": "review",
    "model": "reviewindexpage"
  }
},
{
  "model": "sessions.session",
  "pk": "vgpr9s1tt71cq8pox0ljteqy468gyazv",
  "fields": {
    "session_data": "MDc0ZDQ0MjQ2OTE4ODk4M2U2MGIzODkzNWE4MDJiMTdjYmYxMDE4Mjp7Il9hdXRoX3VzZXJfaWQiOiIxIiwiX2F1dGhfdXNlcl9iYWNrZW5kIjoiZGphbmdvLmNvbnRyaWIuYXV0aC5iYWNrZW5kcy5Nb2RlbEJhY2tlbmQiLCJfYXV0aF91c2VyX2hhc2giOiI0YWVmMTBkNmFhYjVhZjcyMGE3NjQwOGUyOTcwNzg5YWJmOGM2YTA3In0=",
    "expire_date": "2016-07-10T20:33:29.071Z"
  }
},
{
  "model": "auth.permission",
  "pk": 1,
  "fields": {
    "name": "Can add image",
    "content_type": 2,
    "codename": "add_image"
  }
},
{
  "model": "auth.permission",
  "pk": 2,
  "fields": {
    "name": "Can change image",
    "content_type": 2,
    "codename": "change_image"
  }
},
{
  "model": "auth.permission",
  "pk": 3,
  "fields": {
    "name": "Can delete image",
    "content_type": 2,
    "codename": "delete_image"
  }
},
{
  "model": "auth.permission",
  "pk": 4,
  "fields": {
    "name": "Can access Wagtail admin",
    "content_type": 3,
    "codename": "access_admin"
  }
},
{
  "model": "auth.permission",
  "pk": 5,
  "fields": {
    "name": "Can add document",
    "content_type": 4,
    "codename": "add_document"
  }
},
{
  "model": "auth.permission",
  "pk": 6,
  "fields": {
    "name": "Can change document",
    "content_type": 4,
    "codename": "change_document"
  }
},
{
  "model": "auth.permission",
  "pk": 7,
  "fields": {
    "name": "Can delete document",
    "content_type": 4,
    "codename": "delete_document"
  }
},
{
  "model": "auth.permission",
  "pk": 8,
  "fields": {
    "name": "Can add Party on Wayne homepage",
    "content_type": 5,
    "codename": "add_homepage"
  }
},
{
  "model": "auth.permission",
  "pk": 9,
  "fields": {
    "name": "Can change Party on Wayne homepage",
    "content_type": 5,
    "codename": "change_homepage"
  }
},
{
  "model": "auth.permission",
  "pk": 10,
  "fields": {
    "name": "Can delete Party on Wayne homepage",
    "content_type": 5,
    "codename": "delete_homepage"
  }
},
{
  "model": "auth.permission",
  "pk": 11,
  "fields": {
    "name": "Can add standard page",
    "content_type": 6,
    "codename": "add_standardpage"
  }
},
{
  "model": "auth.permission",
  "pk": 12,
  "fields": {
    "name": "Can change standard page",
    "content_type": 6,
    "codename": "change_standardpage"
  }
},
{
  "model": "auth.permission",
  "pk": 13,
  "fields": {
    "name": "Can delete standard page",
    "content_type": 6,
    "codename": "delete_standardpage"
  }
},
{
  "model": "auth.permission",
  "pk": 14,
  "fields": {
    "name": "Can add review artist relationship",
    "content_type": 7,
    "codename": "add_reviewartistrelationship"
  }
},
{
  "model": "auth.permission",
  "pk": 15,
  "fields": {
    "name": "Can change review artist relationship",
    "content_type": 7,
    "codename": "change_reviewartistrelationship"
  }
},
{
  "model": "auth.permission",
  "pk": 16,
  "fields": {
    "name": "Can delete review artist relationship",
    "content_type": 7,
    "codename": "delete_reviewartistrelationship"
  }
},
{
  "model": "auth.permission",
  "pk": 17,
  "fields": {
    "name": "Can add review album relationship",
    "content_type": 8,
    "codename": "add_reviewalbumrelationship"
  }
},
{
  "model": "auth.permission",
  "pk": 18,
  "fields": {
    "name": "Can change review album relationship",
    "content_type": 8,
    "codename": "change_reviewalbumrelationship"
  }
},
{
  "model": "auth.permission",
  "pk": 19,
  "fields": {
    "name": "Can delete review album relationship",
    "content_type": 8,
    "codename": "delete_reviewalbumrelationship"
  }
},
{
  "model": "auth.permission",
  "pk": 20,
  "fields": {
    "name": "Can add review page",
    "content_type": 9,
    "codename": "add_reviewpage"
  }
},
{
  "model": "auth.permission",
  "pk": 21,
  "fields": {
    "name": "Can change review page",
    "content_type": 9,
    "codename": "change_reviewpage"
  }
},
{
  "model": "auth.permission",
  "pk": 22,
  "fields": {
    "name": "Can delete review page",
    "content_type": 9,
    "codename": "delete_reviewpage"
  }
},
{
  "model": "auth.permission",
  "pk": 23,
  "fields": {
    "name": "Can add album songs relationship",
    "content_type": 10,
    "codename": "add_albumsongsrelationship"
  }
},
{
  "model": "auth.permission",
  "pk": 24,
  "fields": {
    "name": "Can change album songs relationship",
    "content_type": 10,
    "codename": "change_albumsongsrelationship"
  }
},
{
  "model": "auth.permission",
  "pk": 25,
  "fields": {
    "name": "Can delete album songs relationship",
    "content_type": 10,
    "codename": "delete_albumsongsrelationship"
  }
},
{
  "model": "auth.permission",
  "pk": 26,
  "fields": {
    "name": "Can add album artist relationship",
    "content_type": 11,
    "codename": "add_albumartistrelationship"
  }
},
{
  "model": "auth.permission",
  "pk": 27,
  "fields": {
    "name": "Can change album artist relationship",
    "content_type": 11,
    "codename": "change_albumartistrelationship"
  }
},
{
  "model": "auth.permission",
  "pk": 28,
  "fields": {
    "name": "Can delete album artist relationship",
    "content_type": 11,
    "codename": "delete_albumartistrelationship"
  }
},
{
  "model": "auth.permission",
  "pk": 29,
  "fields": {
    "name": "Can add Album",
    "content_type": 12,
    "codename": "add_album"
  }
},
{
  "model": "auth.permission",
  "pk": 30,
  "fields": {
    "name": "Can change Album",
    "content_type": 12,
    "codename": "change_album"
  }
},
{
  "model": "auth.permission",
  "pk": 31,
  "fields": {
    "name": "Can delete Album",
    "content_type": 12,
    "codename": "delete_album"
  }
},
{
  "model": "auth.permission",
  "pk": 32,
  "fields": {
    "name": "Can add sub genre class relationship",
    "content_type": 13,
    "codename": "add_subgenreclassrelationship"
  }
},
{
  "model": "auth.permission",
  "pk": 33,
  "fields": {
    "name": "Can change sub genre class relationship",
    "content_type": 13,
    "codename": "change_subgenreclassrelationship"
  }
},
{
  "model": "auth.permission",
  "pk": 34,
  "fields": {
    "name": "Can delete sub genre class relationship",
    "content_type": 13,
    "codename": "delete_subgenreclassrelationship"
  }
},
{
  "model": "auth.permission",
  "pk": 35,
  "fields": {
    "name": "Can add artist",
    "content_type": 14,
    "codename": "add_artist"
  }
},
{
  "model": "auth.permission",
  "pk": 36,
  "fields": {
    "name": "Can change artist",
    "content_type": 14,
    "codename": "change_artist"
  }
},
{
  "model": "auth.permission",
  "pk": 37,
  "fields": {
    "name": "Can delete artist",
    "content_type": 14,
    "codename": "delete_artist"
  }
},
{
  "model": "auth.permission",
  "pk": 38,
  "fields": {
    "name": "Can add Subgenre",
    "content_type": 15,
    "codename": "add_subgenreclass"
  }
},
{
  "model": "auth.permission",
  "pk": 39,
  "fields": {
    "name": "Can change Subgenre",
    "content_type": 15,
    "codename": "change_subgenreclass"
  }
},
{
  "model": "auth.permission",
  "pk": 40,
  "fields": {
    "name": "Can delete Subgenre",
    "content_type": 15,
    "codename": "delete_subgenreclass"
  }
},
{
  "model": "auth.permission",
  "pk": 41,
  "fields": {
    "name": "Can add sub genre relationship",
    "content_type": 16,
    "codename": "add_subgenrerelationship"
  }
},
{
  "model": "auth.permission",
  "pk": 42,
  "fields": {
    "name": "Can change sub genre relationship",
    "content_type": 16,
    "codename": "change_subgenrerelationship"
  }
},
{
  "model": "auth.permission",
  "pk": 43,
  "fields": {
    "name": "Can delete sub genre relationship",
    "content_type": 16,
    "codename": "delete_subgenrerelationship"
  }
},
{
  "model": "auth.permission",
  "pk": 44,
  "fields": {
    "name": "Can add Genre",
    "content_type": 17,
    "codename": "add_genreclass"
  }
},
{
  "model": "auth.permission",
  "pk": 45,
  "fields": {
    "name": "Can change Genre",
    "content_type": 17,
    "codename": "change_genreclass"
  }
},
{
  "model": "auth.permission",
  "pk": 46,
  "fields": {
    "name": "Can delete Genre",
    "content_type": 17,
    "codename": "delete_genreclass"
  }
},
{
  "model": "auth.permission",
  "pk": 47,
  "fields": {
    "name": "Can add author",
    "content_type": 18,
    "codename": "add_author"
  }
},
{
  "model": "auth.permission",
  "pk": 48,
  "fields": {
    "name": "Can change author",
    "content_type": 18,
    "codename": "change_author"
  }
},
{
  "model": "auth.permission",
  "pk": 49,
  "fields": {
    "name": "Can delete author",
    "content_type": 18,
    "codename": "delete_author"
  }
},
{
  "model": "auth.permission",
  "pk": 50,
  "fields": {
    "name": "Can add artist feature page relationship",
    "content_type": 19,
    "codename": "add_artistfeaturepagerelationship"
  }
},
{
  "model": "auth.permission",
  "pk": 51,
  "fields": {
    "name": "Can change artist feature page relationship",
    "content_type": 19,
    "codename": "change_artistfeaturepagerelationship"
  }
},
{
  "model": "auth.permission",
  "pk": 52,
  "fields": {
    "name": "Can delete artist feature page relationship",
    "content_type": 19,
    "codename": "delete_artistfeaturepagerelationship"
  }
},
{
  "model": "auth.permission",
  "pk": 53,
  "fields": {
    "name": "Can add author feature page relationship",
    "content_type": 20,
    "codename": "add_authorfeaturepagerelationship"
  }
},
{
  "model": "auth.permission",
  "pk": 54,
  "fields": {
    "name": "Can change author feature page relationship",
    "content_type": 20,
    "codename": "change_authorfeaturepagerelationship"
  }
},
{
  "model": "auth.permission",
  "pk": 55,
  "fields": {
    "name": "Can delete author feature page relationship",
    "content_type": 20,
    "codename": "delete_authorfeaturepagerelationship"
  }
},
{
  "model": "auth.permission",
  "pk": 56,
  "fields": {
    "name": "Can add feature content page",
    "content_type": 21,
    "codename": "add_featurecontentpage"
  }
},
{
  "model": "auth.permission",
  "pk": 57,
  "fields": {
    "name": "Can change feature content page",
    "content_type": 21,
    "codename": "change_featurecontentpage"
  }
},
{
  "model": "auth.permission",
  "pk": 58,
  "fields": {
    "name": "Can delete feature content page",
    "content_type": 21,
    "codename": "delete_featurecontentpage"
  }
},
{
  "model": "auth.permission",
  "pk": 59,
  "fields": {
    "name": "Can add feature index page",
    "content_type": 22,
    "codename": "add_featureindexpage"
  }
},
{
  "model": "auth.permission",
  "pk": 60,
  "fields": {
    "name": "Can change feature index page",
    "content_type": 22,
    "codename": "change_featureindexpage"
  }
},
{
  "model": "auth.permission",
  "pk": 61,
  "fields": {
    "name": "Can delete feature index page",
    "content_type": 22,
    "codename": "delete_featureindexpage"
  }
},
{
  "model": "auth.permission",
  "pk": 62,
  "fields": {
    "name": "Can add search promotion",
    "content_type": 23,
    "codename": "add_searchpromotion"
  }
},
{
  "model": "auth.permission",
  "pk": 63,
  "fields": {
    "name": "Can change search promotion",
    "content_type": 23,
    "codename": "change_searchpromotion"
  }
},
{
  "model": "auth.permission",
  "pk": 64,
  "fields": {
    "name": "Can delete search promotion",
    "content_type": 23,
    "codename": "delete_searchpromotion"
  }
},
{
  "model": "auth.permission",
  "pk": 65,
  "fields": {
    "name": "Can add form submission",
    "content_type": 24,
    "codename": "add_formsubmission"
  }
},
{
  "model": "auth.permission",
  "pk": 66,
  "fields": {
    "name": "Can change form submission",
    "content_type": 24,
    "codename": "change_formsubmission"
  }
},
{
  "model": "auth.permission",
  "pk": 67,
  "fields": {
    "name": "Can delete form submission",
    "content_type": 24,
    "codename": "delete_formsubmission"
  }
},
{
  "model": "auth.permission",
  "pk": 68,
  "fields": {
    "name": "Can add redirect",
    "content_type": 25,
    "codename": "add_redirect"
  }
},
{
  "model": "auth.permission",
  "pk": 69,
  "fields": {
    "name": "Can change redirect",
    "content_type": 25,
    "codename": "change_redirect"
  }
},
{
  "model": "auth.permission",
  "pk": 70,
  "fields": {
    "name": "Can delete redirect",
    "content_type": 25,
    "codename": "delete_redirect"
  }
},
{
  "model": "auth.permission",
  "pk": 71,
  "fields": {
    "name": "Can add embed",
    "content_type": 26,
    "codename": "add_embed"
  }
},
{
  "model": "auth.permission",
  "pk": 72,
  "fields": {
    "name": "Can change embed",
    "content_type": 26,
    "codename": "change_embed"
  }
},
{
  "model": "auth.permission",
  "pk": 73,
  "fields": {
    "name": "Can delete embed",
    "content_type": 26,
    "codename": "delete_embed"
  }
},
{
  "model": "auth.permission",
  "pk": 74,
  "fields": {
    "name": "Can add user profile",
    "content_type": 27,
    "codename": "add_userprofile"
  }
},
{
  "model": "auth.permission",
  "pk": 75,
  "fields": {
    "name": "Can change user profile",
    "content_type": 27,
    "codename": "change_userprofile"
  }
},
{
  "model": "auth.permission",
  "pk": 76,
  "fields": {
    "name": "Can delete user profile",
    "content_type": 27,
    "codename": "delete_userprofile"
  }
},
{
  "model": "auth.permission",
  "pk": 77,
  "fields": {
    "name": "Can add filter",
    "content_type": 28,
    "codename": "add_filter"
  }
},
{
  "model": "auth.permission",
  "pk": 78,
  "fields": {
    "name": "Can change filter",
    "content_type": 28,
    "codename": "change_filter"
  }
},
{
  "model": "auth.permission",
  "pk": 79,
  "fields": {
    "name": "Can delete filter",
    "content_type": 28,
    "codename": "delete_filter"
  }
},
{
  "model": "auth.permission",
  "pk": 80,
  "fields": {
    "name": "Can add rendition",
    "content_type": 29,
    "codename": "add_rendition"
  }
},
{
  "model": "auth.permission",
  "pk": 81,
  "fields": {
    "name": "Can change rendition",
    "content_type": 29,
    "codename": "change_rendition"
  }
},
{
  "model": "auth.permission",
  "pk": 82,
  "fields": {
    "name": "Can delete rendition",
    "content_type": 29,
    "codename": "delete_rendition"
  }
},
{
  "model": "auth.permission",
  "pk": 83,
  "fields": {
    "name": "Can add query",
    "content_type": 30,
    "codename": "add_query"
  }
},
{
  "model": "auth.permission",
  "pk": 84,
  "fields": {
    "name": "Can change query",
    "content_type": 30,
    "codename": "change_query"
  }
},
{
  "model": "auth.permission",
  "pk": 85,
  "fields": {
    "name": "Can delete query",
    "content_type": 30,
    "codename": "delete_query"
  }
},
{
  "model": "auth.permission",
  "pk": 86,
  "fields": {
    "name": "Can add Query Daily Hits",
    "content_type": 31,
    "codename": "add_querydailyhits"
  }
},
{
  "model": "auth.permission",
  "pk": 87,
  "fields": {
    "name": "Can change Query Daily Hits",
    "content_type": 31,
    "codename": "change_querydailyhits"
  }
},
{
  "model": "auth.permission",
  "pk": 88,
  "fields": {
    "name": "Can delete Query Daily Hits",
    "content_type": 31,
    "codename": "delete_querydailyhits"
  }
},
{
  "model": "auth.permission",
  "pk": 89,
  "fields": {
    "name": "Can add site",
    "content_type": 32,
    "codename": "add_site"
  }
},
{
  "model": "auth.permission",
  "pk": 90,
  "fields": {
    "name": "Can change site",
    "content_type": 32,
    "codename": "change_site"
  }
},
{
  "model": "auth.permission",
  "pk": 91,
  "fields": {
    "name": "Can delete site",
    "content_type": 32,
    "codename": "delete_site"
  }
},
{
  "model": "auth.permission",
  "pk": 92,
  "fields": {
    "name": "Can add page",
    "content_type": 1,
    "codename": "add_page"
  }
},
{
  "model": "auth.permission",
  "pk": 93,
  "fields": {
    "name": "Can change page",
    "content_type": 1,
    "codename": "change_page"
  }
},
{
  "model": "auth.permission",
  "pk": 94,
  "fields": {
    "name": "Can delete page",
    "content_type": 1,
    "codename": "delete_page"
  }
},
{
  "model": "auth.permission",
  "pk": 95,
  "fields": {
    "name": "Can add page revision",
    "content_type": 33,
    "codename": "add_pagerevision"
  }
},
{
  "model": "auth.permission",
  "pk": 96,
  "fields": {
    "name": "Can change page revision",
    "content_type": 33,
    "codename": "change_pagerevision"
  }
},
{
  "model": "auth.permission",
  "pk": 97,
  "fields": {
    "name": "Can delete page revision",
    "content_type": 33,
    "codename": "delete_pagerevision"
  }
},
{
  "model": "auth.permission",
  "pk": 98,
  "fields": {
    "name": "Can add group page permission",
    "content_type": 34,
    "codename": "add_grouppagepermission"
  }
},
{
  "model": "auth.permission",
  "pk": 99,
  "fields": {
    "name": "Can change group page permission",
    "content_type": 34,
    "codename": "change_grouppagepermission"
  }
},
{
  "model": "auth.permission",
  "pk": 100,
  "fields": {
    "name": "Can delete group page permission",
    "content_type": 34,
    "codename": "delete_grouppagepermission"
  }
},
{
  "model": "auth.permission",
  "pk": 101,
  "fields": {
    "name": "Can add page view restriction",
    "content_type": 35,
    "codename": "add_pageviewrestriction"
  }
},
{
  "model": "auth.permission",
  "pk": 102,
  "fields": {
    "name": "Can change page view restriction",
    "content_type": 35,
    "codename": "change_pageviewrestriction"
  }
},
{
  "model": "auth.permission",
  "pk": 103,
  "fields": {
    "name": "Can delete page view restriction",
    "content_type": 35,
    "codename": "delete_pageviewrestriction"
  }
},
{
  "model": "auth.permission",
  "pk": 104,
  "fields": {
    "name": "Can add collection",
    "content_type": 36,
    "codename": "add_collection"
  }
},
{
  "model": "auth.permission",
  "pk": 105,
  "fields": {
    "name": "Can change collection",
    "content_type": 36,
    "codename": "change_collection"
  }
},
{
  "model": "auth.permission",
  "pk": 106,
  "fields": {
    "name": "Can delete collection",
    "content_type": 36,
    "codename": "delete_collection"
  }
},
{
  "model": "auth.permission",
  "pk": 107,
  "fields": {
    "name": "Can add group collection permission",
    "content_type": 37,
    "codename": "add_groupcollectionpermission"
  }
},
{
  "model": "auth.permission",
  "pk": 108,
  "fields": {
    "name": "Can change group collection permission",
    "content_type": 37,
    "codename": "change_groupcollectionpermission"
  }
},
{
  "model": "auth.permission",
  "pk": 109,
  "fields": {
    "name": "Can delete group collection permission",
    "content_type": 37,
    "codename": "delete_groupcollectionpermission"
  }
},
{
  "model": "auth.permission",
  "pk": 110,
  "fields": {
    "name": "Can add Tag",
    "content_type": 38,
    "codename": "add_tag"
  }
},
{
  "model": "auth.permission",
  "pk": 111,
  "fields": {
    "name": "Can change Tag",
    "content_type": 38,
    "codename": "change_tag"
  }
},
{
  "model": "auth.permission",
  "pk": 112,
  "fields": {
    "name": "Can delete Tag",
    "content_type": 38,
    "codename": "delete_tag"
  }
},
{
  "model": "auth.permission",
  "pk": 113,
  "fields": {
    "name": "Can add Tagged Item",
    "content_type": 39,
    "codename": "add_taggeditem"
  }
},
{
  "model": "auth.permission",
  "pk": 114,
  "fields": {
    "name": "Can change Tagged Item",
    "content_type": 39,
    "codename": "change_taggeditem"
  }
},
{
  "model": "auth.permission",
  "pk": 115,
  "fields": {
    "name": "Can delete Tagged Item",
    "content_type": 39,
    "codename": "delete_taggeditem"
  }
},
{
  "model": "auth.permission",
  "pk": 116,
  "fields": {
    "name": "Can add log entry",
    "content_type": 40,
    "codename": "add_logentry"
  }
},
{
  "model": "auth.permission",
  "pk": 117,
  "fields": {
    "name": "Can change log entry",
    "content_type": 40,
    "codename": "change_logentry"
  }
},
{
  "model": "auth.permission",
  "pk": 118,
  "fields": {
    "name": "Can delete log entry",
    "content_type": 40,
    "codename": "delete_logentry"
  }
},
{
  "model": "auth.permission",
  "pk": 119,
  "fields": {
    "name": "Can add permission",
    "content_type": 41,
    "codename": "add_permission"
  }
},
{
  "model": "auth.permission",
  "pk": 120,
  "fields": {
    "name": "Can change permission",
    "content_type": 41,
    "codename": "change_permission"
  }
},
{
  "model": "auth.permission",
  "pk": 121,
  "fields": {
    "name": "Can delete permission",
    "content_type": 41,
    "codename": "delete_permission"
  }
},
{
  "model": "auth.permission",
  "pk": 122,
  "fields": {
    "name": "Can add group",
    "content_type": 42,
    "codename": "add_group"
  }
},
{
  "model": "auth.permission",
  "pk": 123,
  "fields": {
    "name": "Can change group",
    "content_type": 42,
    "codename": "change_group"
  }
},
{
  "model": "auth.permission",
  "pk": 124,
  "fields": {
    "name": "Can delete group",
    "content_type": 42,
    "codename": "delete_group"
  }
},
{
  "model": "auth.permission",
  "pk": 125,
  "fields": {
    "name": "Can add user",
    "content_type": 43,
    "codename": "add_user"
  }
},
{
  "model": "auth.permission",
  "pk": 126,
  "fields": {
    "name": "Can change user",
    "content_type": 43,
    "codename": "change_user"
  }
},
{
  "model": "auth.permission",
  "pk": 127,
  "fields": {
    "name": "Can delete user",
    "content_type": 43,
    "codename": "delete_user"
  }
},
{
  "model": "auth.permission",
  "pk": 128,
  "fields": {
    "name": "Can add content type",
    "content_type": 44,
    "codename": "add_contenttype"
  }
},
{
  "model": "auth.permission",
  "pk": 129,
  "fields": {
    "name": "Can change content type",
    "content_type": 44,
    "codename": "change_contenttype"
  }
},
{
  "model": "auth.permission",
  "pk": 130,
  "fields": {
    "name": "Can delete content type",
    "content_type": 44,
    "codename": "delete_contenttype"
  }
},
{
  "model": "auth.permission",
  "pk": 131,
  "fields": {
    "name": "Can add session",
    "content_type": 45,
    "codename": "add_session"
  }
},
{
  "model": "auth.permission",
  "pk": 132,
  "fields": {
    "name": "Can change session",
    "content_type": 45,
    "codename": "change_session"
  }
},
{
  "model": "auth.permission",
  "pk": 133,
  "fields": {
    "name": "Can delete session",
    "content_type": 45,
    "codename": "delete_session"
  }
},
{
  "model": "auth.permission",
  "pk": 134,
  "fields": {
    "name": "Can add review index page",
    "content_type": 46,
    "codename": "add_reviewindexpage"
  }
},
{
  "model": "auth.permission",
  "pk": 135,
  "fields": {
    "name": "Can change review index page",
    "content_type": 46,
    "codename": "change_reviewindexpage"
  }
},
{
  "model": "auth.permission",
  "pk": 136,
  "fields": {
    "name": "Can delete review index page",
    "content_type": 46,
    "codename": "delete_reviewindexpage"
  }
},
{
  "model": "auth.group",
  "pk": 1,
  "fields": {
    "name": "Moderators",
    "permissions": [
      4,
      5,
      6,
      7,
      1,
      2,
      3
    ]
  }
},
{
  "model": "auth.group",
  "pk": 2,
  "fields": {
    "name": "Editors",
    "permissions": [
      4,
      5,
      6,
      7,
      1,
      2,
      3
    ]
  }
},
{
  "model": "auth.user",
  "pk": 1,
  "fields": {
    "password": "pbkdf2_sha256$24000$olr3F9AV1HZe$MpSmYt8tA2Bg6DsR5RFjsE+0R1DTkFYpRi2l2DmaPns=",
    "last_login": "2016-06-26T20:33:29.069Z",
    "is_superuser": true,
    "username": "sacco",
    "first_name": "",
    "last_name": "",
    "email": "edd.baldry@gmail.com",
    "is_staff": true,
    "is_active": true,
    "date_joined": "2016-06-26T20:33:11.520Z",
    "groups": [],
    "user_permissions": []
  }
},
{
  "model": "wagtailcore.groupcollectionpermission",
  "pk": 1,
  "fields": {
    "group": 1,
    "collection": 1,
    "permission": 1
  }
},
{
  "model": "wagtailcore.groupcollectionpermission",
  "pk": 2,
  "fields": {
    "group": 2,
    "collection": 1,
    "permission": 1
  }
},
{
  "model": "wagtailcore.groupcollectionpermission",
  "pk": 3,
  "fields": {
    "group": 1,
    "collection": 1,
    "permission": 2
  }
},
{
  "model": "wagtailcore.groupcollectionpermission",
  "pk": 4,
  "fields": {
    "group": 2,
    "collection": 1,
    "permission": 2
  }
},
{
  "model": "wagtailcore.groupcollectionpermission",
  "pk": 5,
  "fields": {
    "group": 1,
    "collection": 1,
    "permission": 5
  }
},
{
  "model": "wagtailcore.groupcollectionpermission",
  "pk": 6,
  "fields": {
    "group": 2,
    "collection": 1,
    "permission": 5
  }
},
{
  "model": "wagtailcore.groupcollectionpermission",
  "pk": 7,
  "fields": {
    "group": 1,
    "collection": 1,
    "permission": 6
  }
},
{
  "model": "wagtailcore.groupcollectionpermission",
  "pk": 8,
  "fields": {
    "group": 2,
    "collection": 1,
    "permission": 6
  }
},
{
  "model": "wagtailcore.grouppagepermission",
  "pk": 1,
  "fields": {
    "group": 1,
    "page": 1,
    "permission_type": "add"
  }
},
{
  "model": "wagtailcore.grouppagepermission",
  "pk": 2,
  "fields": {
    "group": 1,
    "page": 1,
    "permission_type": "edit"
  }
},
{
  "model": "wagtailcore.grouppagepermission",
  "pk": 3,
  "fields": {
    "group": 1,
    "page": 1,
    "permission_type": "publish"
  }
},
{
  "model": "wagtailcore.grouppagepermission",
  "pk": 4,
  "fields": {
    "group": 2,
    "page": 1,
    "permission_type": "add"
  }
},
{
  "model": "wagtailcore.grouppagepermission",
  "pk": 5,
  "fields": {
    "group": 2,
    "page": 1,
    "permission_type": "edit"
  }
},
{
  "model": "wagtailcore.grouppagepermission",
  "pk": 6,
  "fields": {
    "group": 1,
    "page": 1,
    "permission_type": "lock"
  }
},
{
  "model": "wagtailcore.pagerevision",
  "pk": 1,
  "fields": {
    "page": 3,
    "submitted_for_moderation": false,
    "created_at": "2016-06-26T20:38:39.254Z",
    "user": 1,
    "content_json": "{\"depth\": 2, \"show_in_menus\": false, \"pk\": 3, \"site_description_title\": \"What this is\", \"featured_section_1\": null, \"live\": true, \"advert_button\": \"wagtail.io\", \"title\": \"This is a homepage\", \"advert_text\": \"Download Wagtail\", \"featured_page_1\": null, \"featured_page_3\": null, \"expired\": false, \"featured_page_2\": null, \"site_description\": \"<p>This is an example of a site created by Wagtail CMS</p>\", \"locked\": false, \"go_live_at\": null, \"owner\": 1, \"has_unpublished_changes\": false, \"slug\": \"homepage\", \"search_description\": \"\", \"featured_section_3\": null, \"url_path\": \"/homepage/\", \"latest_revision_created_at\": null, \"expire_at\": null, \"seo_title\": \"\", \"featured_section_2\": null, \"numchild\": 0, \"first_published_at\": null, \"path\": \"00010002\", \"content_type\": 5}",
    "approved_go_live_at": null
  }
},
{
  "model": "wagtailcore.pagerevision",
  "pk": 2,
  "fields": {
    "page": 4,
    "submitted_for_moderation": false,
    "created_at": "2016-06-26T20:43:12.462Z",
    "user": 1,
    "content_json": "{\"seo_title\": \"\", \"expired\": false, \"latest_revision_created_at\": null, \"listing_introduction\": \"This is a listing introduction\", \"path\": \"000100020001\", \"content_type\": 22, \"title\": \"Interviews\", \"first_published_at\": null, \"owner\": 1, \"expire_at\": null, \"search_description\": \"\", \"introduction\": \"This is an introduction\", \"live\": true, \"numchild\": 0, \"body\": \"[]\", \"slug\": \"interviews\", \"go_live_at\": null, \"show_in_menus\": true, \"depth\": 3, \"locked\": false, \"pk\": 4, \"url_path\": \"/homepage/interviews/\", \"has_unpublished_changes\": false}",
    "approved_go_live_at": null
  }
},
{
  "model": "wagtailcore.pagerevision",
  "pk": 3,
  "fields": {
    "page": 5,
    "submitted_for_moderation": false,
    "created_at": "2016-06-26T20:46:56.578Z",
    "user": 1,
    "content_json": "{\"seo_title\": \"\", \"expired\": false, \"latest_revision_created_at\": null, \"publication_date\": \"2016-06-01\", \"listing_introduction\": \"(Listing Intro) This is a super rad interview with a band\", \"author_feature_page_relationship\": [{\"sort_order\": 0, \"pk\": 1, \"author\": 1, \"page\": 5}], \"path\": \"0001000200010001\", \"content_type\": 21, \"title\": \"Rad interview\", \"first_published_at\": null, \"owner\": 1, \"expire_at\": null, \"search_description\": \"\", \"introduction\": \"(Intro) This is a super rad interview with a band\", \"image\": null, \"live\": true, \"numchild\": 0, \"body\": \"[]\", \"slug\": \"rad-interview\", \"go_live_at\": null, \"artist_feature_page_relationship\": [{\"sort_order\": 0, \"pk\": 1, \"artist\": 1, \"page\": 5}], \"show_in_menus\": false, \"depth\": 4, \"locked\": false, \"pk\": 5, \"url_path\": \"/homepage/interviews/rad-interview/\", \"has_unpublished_changes\": false}",
    "approved_go_live_at": null
  }
},
{
  "model": "wagtailcore.pagerevision",
  "pk": 4,
  "fields": {
    "page": 6,
    "submitted_for_moderation": false,
    "created_at": "2016-06-26T20:47:34.843Z",
    "user": 1,
    "content_json": "{\"seo_title\": \"\", \"expired\": false, \"latest_revision_created_at\": null, \"listing_introduction\": \"News listing intro\", \"path\": \"000100020002\", \"content_type\": 22, \"title\": \"News\", \"first_published_at\": null, \"owner\": 1, \"expire_at\": null, \"search_description\": \"\", \"introduction\": \"News intro\", \"live\": true, \"numchild\": 0, \"body\": \"[]\", \"slug\": \"news\", \"go_live_at\": null, \"show_in_menus\": false, \"depth\": 3, \"locked\": false, \"pk\": 6, \"url_path\": \"/homepage/news/\", \"has_unpublished_changes\": false}",
    "approved_go_live_at": null
  }
},
{
  "model": "wagtailcore.pagerevision",
  "pk": 5,
  "fields": {
    "page": 7,
    "submitted_for_moderation": false,
    "created_at": "2016-06-26T20:47:57.406Z",
    "user": 1,
    "content_json": "{\"seo_title\": \"\", \"expired\": false, \"latest_revision_created_at\": null, \"publication_date\": \"2016-06-09\", \"listing_introduction\": \"\", \"author_feature_page_relationship\": [{\"sort_order\": 0, \"pk\": 2, \"author\": 1, \"page\": 7}], \"path\": \"0001000200020001\", \"content_type\": 21, \"title\": \"Individual news page\", \"first_published_at\": null, \"owner\": 1, \"expire_at\": null, \"search_description\": \"\", \"introduction\": \"\", \"image\": null, \"live\": true, \"numchild\": 0, \"body\": \"[]\", \"slug\": \"individual-news-page\", \"go_live_at\": null, \"artist_feature_page_relationship\": [{\"sort_order\": 0, \"pk\": 2, \"artist\": 1, \"page\": 7}], \"show_in_menus\": false, \"depth\": 4, \"locked\": false, \"pk\": 7, \"url_path\": \"/homepage/news/individual-news-page/\", \"has_unpublished_changes\": false}",
    "approved_go_live_at": null
  }
},
{
  "model": "wagtailcore.pagerevision",
  "pk": 6,
  "fields": {
    "page": 8,
    "submitted_for_moderation": false,
    "created_at": "2016-06-26T20:53:47.848Z",
    "user": 1,
    "content_json": "{\"slug\": \"reviews\", \"latest_revision_created_at\": null, \"pk\": 8, \"has_unpublished_changes\": false, \"path\": \"000100020003\", \"introduction\": \"Reviews introduction\", \"first_published_at\": null, \"listing_introduction\": \"Reviews listing introduction\", \"show_in_menus\": false, \"go_live_at\": null, \"locked\": false, \"live\": true, \"url_path\": \"/homepage/reviews/\", \"numchild\": 0, \"seo_title\": \"\", \"owner\": 1, \"depth\": 3, \"content_type\": 46, \"title\": \"Reviews\", \"search_description\": \"\", \"expire_at\": null, \"expired\": false}",
    "approved_go_live_at": null
  }
},
{
  "model": "wagtailcore.pagerevision",
  "pk": 7,
  "fields": {
    "page": 9,
    "submitted_for_moderation": false,
    "created_at": "2016-06-26T20:54:52.369Z",
    "user": 1,
    "content_json": "{\"slug\": \"review\", \"rating\": 5, \"latest_revision_created_at\": null, \"pk\": 9, \"has_unpublished_changes\": false, \"path\": \"0001000200030001\", \"introduction\": \"Review introduction\", \"first_published_at\": null, \"listing_introduction\": \"listing introduction\", \"review_artist_relationship\": [{\"pk\": 1, \"artist_name\": 1, \"ArtistRelationship\": 9}], \"show_in_menus\": false, \"body\": \"[]\", \"review_album_relationship\": [{\"pk\": 1, \"album_name\": 1, \"AlbumRelationship\": 9}], \"go_live_at\": null, \"locked\": false, \"live\": true, \"url_path\": \"/homepage/reviews/review/\", \"owner\": 1, \"numchild\": 0, \"seo_title\": \"\", \"date\": \"2016-06-01\", \"depth\": 4, \"content_type\": 9, \"title\": \"This is a review\", \"search_description\": \"\", \"expire_at\": null, \"expired\": false}",
    "approved_go_live_at": null
  }
},
{
  "model": "wagtailcore.pagerevision",
  "pk": 8,
  "fields": {
    "page": 3,
    "submitted_for_moderation": false,
    "created_at": "2016-06-26T20:55:56.768Z",
    "user": 1,
    "content_json": "{\"slug\": \"homepage\", \"advert_button\": \"wagtail.io\", \"latest_revision_created_at\": \"2016-06-26T20:38:39.254Z\", \"pk\": 3, \"has_unpublished_changes\": false, \"featured_section_2\": 4, \"path\": \"00010002\", \"site_description_title\": \"What this is\", \"first_published_at\": \"2016-06-26T20:38:39.371Z\", \"featured_section_3\": 6, \"show_in_menus\": false, \"featured_page_1\": 5, \"go_live_at\": null, \"locked\": false, \"featured_page_2\": 7, \"live\": true, \"url_path\": \"/homepage/\", \"featured_page_3\": 9, \"numchild\": 3, \"seo_title\": \"\", \"owner\": 1, \"depth\": 2, \"content_type\": 5, \"title\": \"This is a homepage\", \"search_description\": \"\", \"expire_at\": null, \"advert_text\": \"Download Wagtail\", \"featured_section_1\": 8, \"expired\": false, \"site_description\": \"<p>This is an example of a site created by Wagtail CMS</p>\"}",
    "approved_go_live_at": null
  }
},
{
  "model": "wagtailcore.page",
  "pk": 1,
  "fields": {
    "path": "0001",
    "depth": 1,
    "numchild": 1,
    "title": "Root",
    "slug": "root",
    "content_type": 1,
    "live": true,
    "has_unpublished_changes": false,
    "url_path": "/",
    "owner": null,
    "seo_title": "",
    "show_in_menus": false,
    "search_description": "",
    "go_live_at": null,
    "expire_at": null,
    "expired": false,
    "locked": false,
    "first_published_at": null,
    "latest_revision_created_at": null
  }
},
{
  "model": "wagtailcore.page",
  "pk": 3,
  "fields": {
    "path": "00010002",
    "depth": 2,
    "numchild": 3,
    "title": "This is a homepage",
    "slug": "homepage",
    "content_type": 5,
    "live": true,
    "has_unpublished_changes": false,
    "url_path": "/homepage/",
    "owner": 1,
    "seo_title": "",
    "show_in_menus": false,
    "search_description": "",
    "go_live_at": null,
    "expire_at": null,
    "expired": false,
    "locked": false,
    "first_published_at": "2016-06-26T20:38:39.371Z",
    "latest_revision_created_at": "2016-06-26T20:55:56.768Z"
  }
},
{
  "model": "wagtailcore.page",
  "pk": 4,
  "fields": {
    "path": "000100020001",
    "depth": 3,
    "numchild": 1,
    "title": "Interviews",
    "slug": "interviews",
    "content_type": 22,
    "live": true,
    "has_unpublished_changes": false,
    "url_path": "/homepage/interviews/",
    "owner": 1,
    "seo_title": "",
    "show_in_menus": true,
    "search_description": "",
    "go_live_at": null,
    "expire_at": null,
    "expired": false,
    "locked": false,
    "first_published_at": "2016-06-26T20:43:12.559Z",
    "latest_revision_created_at": "2016-06-26T20:43:12.462Z"
  }
},
{
  "model": "wagtailcore.page",
  "pk": 5,
  "fields": {
    "path": "0001000200010001",
    "depth": 4,
    "numchild": 0,
    "title": "Rad interview",
    "slug": "rad-interview",
    "content_type": 21,
    "live": true,
    "has_unpublished_changes": false,
    "url_path": "/homepage/interviews/rad-interview/",
    "owner": 1,
    "seo_title": "",
    "show_in_menus": false,
    "search_description": "",
    "go_live_at": null,
    "expire_at": null,
    "expired": false,
    "locked": false,
    "first_published_at": "2016-06-26T20:46:56.645Z",
    "latest_revision_created_at": "2016-06-26T20:46:56.578Z"
  }
},
{
  "model": "wagtailcore.page",
  "pk": 6,
  "fields": {
    "path": "000100020002",
    "depth": 3,
    "numchild": 1,
    "title": "News",
    "slug": "news",
    "content_type": 22,
    "live": true,
    "has_unpublished_changes": false,
    "url_path": "/homepage/news/",
    "owner": 1,
    "seo_title": "",
    "show_in_menus": false,
    "search_description": "",
    "go_live_at": null,
    "expire_at": null,
    "expired": false,
    "locked": false,
    "first_published_at": "2016-06-26T20:47:34.878Z",
    "latest_revision_created_at": "2016-06-26T20:47:34.843Z"
  }
},
{
  "model": "wagtailcore.page",
  "pk": 7,
  "fields": {
    "path": "0001000200020001",
    "depth": 4,
    "numchild": 0,
    "title": "Individual news page",
    "slug": "individual-news-page",
    "content_type": 21,
    "live": true,
    "has_unpublished_changes": false,
    "url_path": "/homepage/news/individual-news-page/",
    "owner": 1,
    "seo_title": "",
    "show_in_menus": false,
    "search_description": "",
    "go_live_at": null,
    "expire_at": null,
    "expired": false,
    "locked": false,
    "first_published_at": "2016-06-26T20:47:57.514Z",
    "latest_revision_created_at": "2016-06-26T20:47:57.406Z"
  }
},
{
  "model": "wagtailcore.page",
  "pk": 8,
  "fields": {
    "path": "000100020003",
    "depth": 3,
    "numchild": 1,
    "title": "Reviews",
    "slug": "reviews",
    "content_type": 46,
    "live": true,
    "has_unpublished_changes": false,
    "url_path": "/homepage/reviews/",
    "owner": 1,
    "seo_title": "",
    "show_in_menus": false,
    "search_description": "",
    "go_live_at": null,
    "expire_at": null,
    "expired": false,
    "locked": false,
    "first_published_at": "2016-06-26T20:53:47.899Z",
    "latest_revision_created_at": "2016-06-26T20:53:47.848Z"
  }
},
{
  "model": "wagtailcore.page",
  "pk": 9,
  "fields": {
    "path": "0001000200030001",
    "depth": 4,
    "numchild": 0,
    "title": "This is a review",
    "slug": "review",
    "content_type": 9,
    "live": true,
    "has_unpublished_changes": false,
    "url_path": "/homepage/reviews/review/",
    "owner": 1,
    "seo_title": "",
    "show_in_menus": false,
    "search_description": "",
    "go_live_at": null,
    "expire_at": null,
    "expired": false,
    "locked": false,
    "first_published_at": "2016-06-26T20:54:52.420Z",
    "latest_revision_created_at": "2016-06-26T20:54:52.369Z"
  }
},
{
  "model": "wagtailimages.image",
  "pk": 1,
  "fields": {
    "collection": 1,
    "title": "smokey",
    "file": "original_images/20160416_144447.jpg",
    "width": 4032,
    "height": 3024,
    "created_at": "2016-06-26T20:43:46.747Z",
    "uploaded_by_user": 1,
    "focal_point_x": null,
    "focal_point_y": null,
    "focal_point_width": null,
    "focal_point_height": null,
    "file_size": null
  }
},
{
  "model": "feature_content_page.featureindexpage",
  "pk": 4,
  "fields": {
    "listing_introduction": "This is a listing introduction",
    "introduction": "This is an introduction",
    "body": "[]"
  }
},
{
  "model": "feature_content_page.featureindexpage",
  "pk": 6,
  "fields": {
    "listing_introduction": "News listing intro",
    "introduction": "News intro",
    "body": "[]"
  }
},
{
  "model": "feature_content_page.featurecontentpage",
  "pk": 5,
  "fields": {
    "publication_date": "2016-06-01",
    "image": null,
    "introduction": "(Intro) This is a super rad interview with a band",
    "listing_introduction": "(Listing Intro) This is a super rad interview with a band",
    "body": "[]"
  }
},
{
  "model": "feature_content_page.featurecontentpage",
  "pk": 7,
  "fields": {
    "publication_date": "2016-06-09",
    "image": null,
    "introduction": "",
    "listing_introduction": "",
    "body": "[]"
  }
},
{
  "model": "review.reviewindexpage",
  "pk": 8,
  "fields": {
    "listing_introduction": "Reviews listing introduction",
    "introduction": "Reviews introduction"
  }
},
{
  "model": "review.reviewpage",
  "pk": 9,
  "fields": {
    "date": "2016-06-01",
    "rating": 5,
    "introduction": "Review introduction",
    "listing_introduction": "listing introduction",
    "body": "[]"
  }
},
{
  "model": "home.homepage",
  "pk": 3,
  "fields": {
    "site_description_title": "What this is",
    "site_description": "<p>This is an example of a site created by Wagtail CMS</p>",
    "advert_text": "Download Wagtail",
    "advert_button": "wagtail.io",
    "featured_page_1": 5,
    "featured_page_2": 7,
    "featured_page_3": 9,
    "featured_section_1": 8,
    "featured_section_2": 4,
    "featured_section_3": 6
  }
}
]